<?xml version="1.0" ?>
<dpinst>
<enableNotListedLanguages/>
<quietInstall/>
<language code="0x0401">
<dpinstTitle>MEI Inc. CASHFLOW SC Bill Acceptor (EBDS over USB) Driver Installer</dpinstTitle>
<welcomeTitle>Welcome to the MEI Inc. CASHFLOW SC Bill Acceptor (EBDS over USB) Driver Installer</welcomeTitle>
<welcomeIntro>This wizard will help you install the drivers for your MEI Inc. CASHFLOW SC Bill Acceptor (EBDS over USB) device.</welcomeIntro>
<finishTitle>Completing the Installation of the MEI Inc. CASHFLOW SC Bill Acceptor (EBDS over USB) Driver</finishTitle>
</language>
<language code="0x0804">
<dpinstTitle>MEI Inc. CASHFLOW SC Bill Acceptor (EBDS over USB) Driver Installer</dpinstTitle>
<welcomeTitle>Welcome to the MEI Inc. CASHFLOW SC Bill Acceptor (EBDS over USB) Driver Installer</welcomeTitle>
<welcomeIntro>This wizard will help you install the drivers for your MEI Inc. CASHFLOW SC Bill Acceptor (EBDS over USB) device.</welcomeIntro>
<finishTitle>Completing the Installation of the MEI Inc. CASHFLOW SC Bill Acceptor (EBDS over USB) Driver</finishTitle>
</language>
<language code="0x0404">
<dpinstTitle>MEI Inc. CASHFLOW SC Bill Acceptor (EBDS over USB) Driver Installer</dpinstTitle>
<welcomeTitle>Welcome to the MEI Inc. CASHFLOW SC Bill Acceptor (EBDS over USB) Driver Installer</welcomeTitle>
<welcomeIntro>This wizard will help you install the drivers for your MEI Inc. CASHFLOW SC Bill Acceptor (EBDS over USB) device.</welcomeIntro>
<finishTitle>Completing the Installation of the MEI Inc. CASHFLOW SC Bill Acceptor (EBDS over USB) Driver</finishTitle>
</language>
<language code="0x0405">
<dpinstTitle>MEI Inc. CASHFLOW SC Bill Acceptor (EBDS over USB) Driver Installer</dpinstTitle>
<welcomeTitle>Welcome to the MEI Inc. CASHFLOW SC Bill Acceptor (EBDS over USB) Driver Installer</welcomeTitle>
<welcomeIntro>This wizard will help you install the drivers for your MEI Inc. CASHFLOW SC Bill Acceptor (EBDS over USB) device.</welcomeIntro>
<finishTitle>Completing the Installation of the MEI Inc. CASHFLOW SC Bill Acceptor (EBDS over USB) Driver</finishTitle>
</language>
<language code="0x0406">
<dpinstTitle>MEI Inc. CASHFLOW SC Bill Acceptor (EBDS over USB) Driver Installer</dpinstTitle>
<welcomeTitle>Welcome to the MEI Inc. CASHFLOW SC Bill Acceptor (EBDS over USB) Driver Installer</welcomeTitle>
<welcomeIntro>This wizard will help you install the drivers for your MEI Inc. CASHFLOW SC Bill Acceptor (EBDS over USB) device.</welcomeIntro>
<finishTitle>Completing the Installation of the MEI Inc. CASHFLOW SC Bill Acceptor (EBDS over USB) Driver</finishTitle>
</language>
<language code="0x0407">
<dpinstTitle>MEI Inc. CASHFLOW SC Bill Acceptor (EBDS over USB) Driver Installer</dpinstTitle>
<welcomeTitle>Welcome to the MEI Inc. CASHFLOW SC Bill Acceptor (EBDS over USB) Driver Installer</welcomeTitle>
<welcomeIntro>This wizard will help you install the drivers for your MEI Inc. CASHFLOW SC Bill Acceptor (EBDS over USB) device.</welcomeIntro>
<finishTitle>Completing the Installation of the MEI Inc. CASHFLOW SC Bill Acceptor (EBDS over USB) Driver</finishTitle>
</language>
<language code="0x0408">
<dpinstTitle>MEI Inc. CASHFLOW SC Bill Acceptor (EBDS over USB) Driver Installer</dpinstTitle>
<welcomeTitle>Welcome to the MEI Inc. CASHFLOW SC Bill Acceptor (EBDS over USB) Driver Installer</welcomeTitle>
<welcomeIntro>This wizard will help you install the drivers for your MEI Inc. CASHFLOW SC Bill Acceptor (EBDS over USB) device.</welcomeIntro>
<finishTitle>Completing the Installation of the MEI Inc. CASHFLOW SC Bill Acceptor (EBDS over USB) Driver</finishTitle>
</language>
<language code="0x0409">
<dpinstTitle>MEI Inc. CASHFLOW SC Bill Acceptor (EBDS over USB) Driver Installer</dpinstTitle>
<welcomeTitle>Welcome to the MEI Inc. CASHFLOW SC Bill Acceptor (EBDS over USB) Driver Installer</welcomeTitle>
<welcomeIntro>This wizard will help you install the drivers for your MEI Inc. CASHFLOW SC Bill Acceptor (EBDS over USB) device.</welcomeIntro>
<finishTitle>Completing the Installation of the MEI Inc. CASHFLOW SC Bill Acceptor (EBDS over USB) Driver</finishTitle>
</language>
<language code="0x0C0A">
<dpinstTitle>MEI Inc. CASHFLOW SC Bill Acceptor (EBDS over USB) Driver Installer</dpinstTitle>
<welcomeTitle>Welcome to the MEI Inc. CASHFLOW SC Bill Acceptor (EBDS over USB) Driver Installer</welcomeTitle>
<welcomeIntro>This wizard will help you install the drivers for your MEI Inc. CASHFLOW SC Bill Acceptor (EBDS over USB) device.</welcomeIntro>
<finishTitle>Completing the Installation of the MEI Inc. CASHFLOW SC Bill Acceptor (EBDS over USB) Driver</finishTitle>
</language>
<language code="0x040B">
<dpinstTitle>MEI Inc. CASHFLOW SC Bill Acceptor (EBDS over USB) Driver Installer</dpinstTitle>
<welcomeTitle>Welcome to the MEI Inc. CASHFLOW SC Bill Acceptor (EBDS over USB) Driver Installer</welcomeTitle>
<welcomeIntro>This wizard will help you install the drivers for your MEI Inc. CASHFLOW SC Bill Acceptor (EBDS over USB) device.</welcomeIntro>
<finishTitle>Completing the Installation of the MEI Inc. CASHFLOW SC Bill Acceptor (EBDS over USB) Driver</finishTitle>
</language>
<language code="0x040C">
<dpinstTitle>MEI Inc. CASHFLOW SC Bill Acceptor (EBDS over USB) Driver Installer</dpinstTitle>
<welcomeTitle>Welcome to the MEI Inc. CASHFLOW SC Bill Acceptor (EBDS over USB) Driver Installer</welcomeTitle>
<welcomeIntro>This wizard will help you install the drivers for your MEI Inc. CASHFLOW SC Bill Acceptor (EBDS over USB) device.</welcomeIntro>
<finishTitle>Completing the Installation of the MEI Inc. CASHFLOW SC Bill Acceptor (EBDS over USB) Driver</finishTitle>
</language>
<language code="0x040D">
<dpinstTitle>MEI Inc. CASHFLOW SC Bill Acceptor (EBDS over USB) Driver Installer</dpinstTitle>
<welcomeTitle>Welcome to the MEI Inc. CASHFLOW SC Bill Acceptor (EBDS over USB) Driver Installer</welcomeTitle>
<welcomeIntro>This wizard will help you install the drivers for your MEI Inc. CASHFLOW SC Bill Acceptor (EBDS over USB) device.</welcomeIntro>
<finishTitle>Completing the Installation of the MEI Inc. CASHFLOW SC Bill Acceptor (EBDS over USB) Driver</finishTitle>
</language>
<language code="0x040E">
<dpinstTitle>MEI Inc. CASHFLOW SC Bill Acceptor (EBDS over USB) Driver Installer</dpinstTitle>
<welcomeTitle>Welcome to the MEI Inc. CASHFLOW SC Bill Acceptor (EBDS over USB) Driver Installer</welcomeTitle>
<welcomeIntro>This wizard will help you install the drivers for your MEI Inc. CASHFLOW SC Bill Acceptor (EBDS over USB) device.</welcomeIntro>
<finishTitle>Completing the Installation of the MEI Inc. CASHFLOW SC Bill Acceptor (EBDS over USB) Driver</finishTitle>
</language>
<language code="0x0410">
<dpinstTitle>MEI Inc. CASHFLOW SC Bill Acceptor (EBDS over USB) Driver Installer</dpinstTitle>
<welcomeTitle>Welcome to the MEI Inc. CASHFLOW SC Bill Acceptor (EBDS over USB) Driver Installer</welcomeTitle>
<welcomeIntro>This wizard will help you install the drivers for your MEI Inc. CASHFLOW SC Bill Acceptor (EBDS over USB) device.</welcomeIntro>
<finishTitle>Completing the Installation of the MEI Inc. CASHFLOW SC Bill Acceptor (EBDS over USB) Driver</finishTitle>
</language>
<language code="0x0411">
<dpinstTitle>MEI Inc. CASHFLOW SC Bill Acceptor (EBDS over USB) Driver Installer</dpinstTitle>
<welcomeTitle>Welcome to the MEI Inc. CASHFLOW SC Bill Acceptor (EBDS over USB) Driver Installer</welcomeTitle>
<welcomeIntro>This wizard will help you install the drivers for your MEI Inc. CASHFLOW SC Bill Acceptor (EBDS over USB) device.</welcomeIntro>
<finishTitle>Completing the Installation of the MEI Inc. CASHFLOW SC Bill Acceptor (EBDS over USB) Driver</finishTitle>
</language>
<language code="0x0412">
<dpinstTitle>MEI Inc. CASHFLOW SC Bill Acceptor (EBDS over USB) Driver Installer</dpinstTitle>
<welcomeTitle>Welcome to the MEI Inc. CASHFLOW SC Bill Acceptor (EBDS over USB) Driver Installer</welcomeTitle>
<welcomeIntro>This wizard will help you install the drivers for your MEI Inc. CASHFLOW SC Bill Acceptor (EBDS over USB) device.</welcomeIntro>
<finishTitle>Completing the Installation of the MEI Inc. CASHFLOW SC Bill Acceptor (EBDS over USB) Driver</finishTitle>
</language>
<language code="0x0414">
<dpinstTitle>MEI Inc. CASHFLOW SC Bill Acceptor (EBDS over USB) Driver Installer</dpinstTitle>
<welcomeTitle>Welcome to the MEI Inc. CASHFLOW SC Bill Acceptor (EBDS over USB) Driver Installer</welcomeTitle>
<welcomeIntro>This wizard will help you install the drivers for your MEI Inc. CASHFLOW SC Bill Acceptor (EBDS over USB) device.</welcomeIntro>
<finishTitle>Completing the Installation of the MEI Inc. CASHFLOW SC Bill Acceptor (EBDS over USB) Driver</finishTitle>
</language>
<language code="0x0413">
<dpinstTitle>MEI Inc. CASHFLOW SC Bill Acceptor (EBDS over USB) Driver Installer</dpinstTitle>
<welcomeTitle>Welcome to the MEI Inc. CASHFLOW SC Bill Acceptor (EBDS over USB) Driver Installer</welcomeTitle>
<welcomeIntro>This wizard will help you install the drivers for your MEI Inc. CASHFLOW SC Bill Acceptor (EBDS over USB) device.</welcomeIntro>
<finishTitle>Completing the Installation of the MEI Inc. CASHFLOW SC Bill Acceptor (EBDS over USB) Driver</finishTitle>
</language>
<language code="0x0415">
<dpinstTitle>MEI Inc. CASHFLOW SC Bill Acceptor (EBDS over USB) Driver Installer</dpinstTitle>
<welcomeTitle>Welcome to the MEI Inc. CASHFLOW SC Bill Acceptor (EBDS over USB) Driver Installer</welcomeTitle>
<welcomeIntro>This wizard will help you install the drivers for your MEI Inc. CASHFLOW SC Bill Acceptor (EBDS over USB) device.</welcomeIntro>
<finishTitle>Completing the Installation of the MEI Inc. CASHFLOW SC Bill Acceptor (EBDS over USB) Driver</finishTitle>
</language>
<language code="0x0416">
<dpinstTitle>MEI Inc. CASHFLOW SC Bill Acceptor (EBDS over USB) Driver Installer</dpinstTitle>
<welcomeTitle>Welcome to the MEI Inc. CASHFLOW SC Bill Acceptor (EBDS over USB) Driver Installer</welcomeTitle>
<welcomeIntro>This wizard will help you install the drivers for your MEI Inc. CASHFLOW SC Bill Acceptor (EBDS over USB) device.</welcomeIntro>
<finishTitle>Completing the Installation of the MEI Inc. CASHFLOW SC Bill Acceptor (EBDS over USB) Driver</finishTitle>
</language>
<language code="0x0816">
<dpinstTitle>MEI Inc. CASHFLOW SC Bill Acceptor (EBDS over USB) Driver Installer</dpinstTitle>
<welcomeTitle>Welcome to the MEI Inc. CASHFLOW SC Bill Acceptor (EBDS over USB) Driver Installer</welcomeTitle>
<welcomeIntro>This wizard will help you install the drivers for your MEI Inc. CASHFLOW SC Bill Acceptor (EBDS over USB) device.</welcomeIntro>
<finishTitle>Completing the Installation of the MEI Inc. CASHFLOW SC Bill Acceptor (EBDS over USB) Driver</finishTitle>
</language>
<language code="0x0419">
<dpinstTitle>MEI Inc. CASHFLOW SC Bill Acceptor (EBDS over USB) Driver Installer</dpinstTitle>
<welcomeTitle>Welcome to the MEI Inc. CASHFLOW SC Bill Acceptor (EBDS over USB) Driver Installer</welcomeTitle>
<welcomeIntro>This wizard will help you install the drivers for your MEI Inc. CASHFLOW SC Bill Acceptor (EBDS over USB) device.</welcomeIntro>
<finishTitle>Completing the Installation of the MEI Inc. CASHFLOW SC Bill Acceptor (EBDS over USB) Driver</finishTitle>
</language>
<language code="0x041D">
<dpinstTitle>MEI Inc. CASHFLOW SC Bill Acceptor (EBDS over USB) Driver Installer</dpinstTitle>
<welcomeTitle>Welcome to the MEI Inc. CASHFLOW SC Bill Acceptor (EBDS over USB) Driver Installer</welcomeTitle>
<welcomeIntro>This wizard will help you install the drivers for your MEI Inc. CASHFLOW SC Bill Acceptor (EBDS over USB) device.</welcomeIntro>
<finishTitle>Completing the Installation of the MEI Inc. CASHFLOW SC Bill Acceptor (EBDS over USB) Driver</finishTitle>
</language>
<language code="0x041F">
<dpinstTitle>MEI Inc. CASHFLOW SC Bill Acceptor (EBDS over USB) Driver Installer</dpinstTitle>
<welcomeTitle>Welcome to the MEI Inc. CASHFLOW SC Bill Acceptor (EBDS over USB) Driver Installer</welcomeTitle>
<welcomeIntro>This wizard will help you install the drivers for your MEI Inc. CASHFLOW SC Bill Acceptor (EBDS over USB) device.</welcomeIntro>
<finishTitle>Completing the Installation of the MEI Inc. CASHFLOW SC Bill Acceptor (EBDS over USB) Driver</finishTitle>
</language>
</dpinst>